{
  "model_type": "lstm",
  "results": {
    "embed_dim": {
      "values": [
        64,
        128,
        256
      ],
      "f1_scores": [
        0.763671875,
        0.7216494845360825,
        0.804642166344294
      ],
      "delta_f1": 0.08299268180821151
    },
    "hidden_size": {
      "values": [
        128,
        256,
        512
      ],
      "f1_scores": [
        0.8150234741784037,
        0.7996688741721855,
        0.7326578332034295
      ],
      "delta_f1": 0.08236564097497423
    },
    "num_layers": {
      "values": [
        1,
        2,
        3
      ],
      "f1_scores": [
        0.7948003714020427,
        0.7795698924731183,
        0.7432188065099458
      ],
      "delta_f1": 0.051581564892096976
    }
  },
  "timestamp": "2025-11-25T14:02:02.366091"
}