{
  "model_type": "transformer",
  "results": {
    "d_model": {
      "values": [
        128,
        256
      ],
      "f1_scores": [
        0.1,
        0.19656786271450857
      ],
      "delta_f1": 0.09656786271450857
    },
    "nhead": {
      "values": [
        2,
        4,
        8
      ],
      "f1_scores": [
        0.16910569105691056,
        0.1921259842519685,
        0.152317880794702
      ],
      "delta_f1": 0.039808103457266514
    },
    "num_layers": {
      "values": [
        2,
        4
      ],
      "f1_scores": [
        0.16260162601626016,
        0.30407911001236093
      ],
      "delta_f1": 0.14147748399610077
    },
    "dim_feedforward": {
      "values": [
        512,
        1024
      ],
      "f1_scores": [
        0.30407911001236093,
        0.22556390977443608
      ],
      "delta_f1": 0.07851520023792485
    }
  },
  "timestamp": "2025-11-25T14:02:45.194143"
}